{
  "valid": {
    "accuracy": 0.80112,
    "macro_f1": 0.8007271614970889,
    "weighted_f1": 0.8006464703451397
  },
  "test": {
    "accuracy": 0.80308,
    "macro_f1": 0.802754869015891,
    "weighted_f1": 0.8026818346667512
  }
}