{
  "valid": {
    "accuracy": 0.67904,
    "macro_f1": 0.6790365469467867,
    "weighted_f1": 0.6790269457744373
  },
  "test": {
    "accuracy": 0.68136,
    "macro_f1": 0.6813536046393865,
    "weighted_f1": 0.6813405855124234
  }
}